date,festival_name,is_festival
2025-01-14,Pongal / Bhogi,1
2025-01-15,Thai Pongal,1
2025-01-16,Mattu Pongal,1
2025-01-17,Kaanum Pongal,1
2025-01-26,Republic Day,1
2025-03-31,Ramzan (Eid-ul-Fitr),1
2025-04-14,Tamil New Year (Puthandu),1
2025-04-18,Good Friday,1
2025-05-01,May Day,1
2025-06-07,Bakrid (Eid-al-Adha),1
2025-07-06,Muharram,1
2025-08-15,Independence Day,1
2025-08-27,Krishna Jayanthi,1
2025-09-05,Vinayakar Chathurthi,1
2025-09-07,Milad-un-Nabi,1
2025-10-01,Ayudha Pooja,1
2025-10-02,Vijaya Dasami / Gandhi Jayanthi,1
2025-10-20,Deepavali (Diwali),1
2025-11-05,Karthigai Deepam,1
2025-12-25,Christmas,1
2025-12-31,New Year's Eve,1
2026-01-01,New Year's Day,1
2026-01-14,Pongal,1
2026-01-15,Thai Pongal,1
2026-01-16,Mattu Pongal,1
2026-01-26,Republic Day,1
2026-03-20,Ramzan (Eid-ul-Fitr),1
2026-04-14,Tamil New Year,1
2026-05-01,May Day,1
2026-08-15,Independence Day,1
2026-10-09,Deepavali,1
2026-12-25,Christmas,1
