source,destination,highway,speed_kph,distance_km
Chennai,Kanchipuram,highway,90,72.5
Chennai,Chengalpattu,highway,85,56.1
Chennai,Pondicherry,main,75,151.2
Kanchipuram,Vellore,highway,90,71.8
Chengalpattu,Villupuram,highway,90,98.4
Pondicherry,Cuddalore,main,60,23.6
Vellore,Krishnagiri,highway,95,118.0
Hosur,Krishnagiri,highway,95,52.3
Krishnagiri,Dharmapuri,highway,90,45.2
Dharmapuri,Salem,highway,90,66.8
Villupuram,Trichy,highway,95,162.0
Salem,Namakkal,highway,90,52.4
Salem,Erode,highway,85,64.0
Erode,Tiruppur,highway,85,51.5
Tiruppur,Coimbatore,highway,90,46.8
Coimbatore,Ooty,secondary,40,85.3
Namakkal,Karur,highway,85,30.2
Karur,Trichy,highway,85,79.5
Trichy,Thanjavur,highway,80,56.4
Trichy,Dindigul,highway,90,104.2
Dindigul,Madurai,highway,95,64.1
Madurai,Virudhunagar,highway,90,47.6
Virudhunagar,Tirunelveli,highway,95,102.5
Tirunelveli,Tuticorin,highway,85,48.9
Tirunelveli,Nagercoil,highway,85,72.3
Nagercoil,Kanyakumari,main,60,18.5
