node_id,name,city,lat,lon,street_count
1001,Chennai,Chennai,13.0827,80.2707,4
1002,Kanchipuram,Kanchipuram,12.8342,79.7036,4
1003,Chengalpattu,Chengalpattu,12.682,79.98,4
1004,Vellore,Vellore,12.9165,79.1325,4
1005,Tiruvannamalai,Tiruvannamalai,12.2253,79.0747,4
1006,Villupuram,Villupuram,11.9401,79.4861,4
1007,Pondicherry,Pondicherry,11.9416,79.8083,4
1008,Cuddalore,Cuddalore,11.748,79.7714,4
1009,Hosur,Hosur,12.7409,77.8253,4
1010,Krishnagiri,Krishnagiri,12.5186,78.2137,4
1011,Dharmapuri,Dharmapuri,12.1211,78.1582,4
1012,Salem,Salem,11.6643,78.146,4
1013,Namakkal,Namakkal,11.2189,78.1674,4
1014,Erode,Erode,11.341,77.7172,4
1015,Tiruppur,Tiruppur,11.1085,77.3411,4
1016,Coimbatore,Coimbatore,11.0168,76.9558,4
1017,Ooty,Ooty,11.4102,76.695,3
1018,Karur,Karur,10.9601,78.0766,4
1019,Trichy,Trichy,10.7905,78.7047,4
1020,Thanjavur,Thanjavur,10.787,79.1378,4
1021,Kumbakonam,Kumbakonam,10.9602,79.3782,4
1022,Dindigul,Dindigul,10.3673,77.9803,4
1023,Madurai,Madurai,9.9252,78.1198,4
1024,Theni,Theni,10.0104,77.4768,4
1025,Virudhunagar,Virudhunagar,9.568,77.9624,4
1026,Rajapalayam,Rajapalayam,9.4533,77.5539,4
1027,Tirunelveli,Tirunelveli,8.7139,77.7567,4
1028,Tuticorin,Tuticorin,8.7642,78.1348,4
1029,Kanyakumari,Kanyakumari,8.0883,77.5385,4
1030,Nagercoil,Nagercoil,8.1833,77.4119,4
